{"cameraMode":{"drawMode":0,"name":"Shaded","section":"Shading Mode"},"sceneLighting":true,"audioPlay":false,"sceneViewState":{"showFog":true,"showMaterialUpdate":false,"showSkybox":true,"showFlares":true,"showImageEffects":true,"showParticleSystems":true},"in2DMode":false,"pivot":{"x":-0.2631085515022278,"y":0.2934761345386505,"z":-1.5009328126907349},"rotation":{"x":0.005530880764126778,"y":-0.01506106462329626,"z":0.0000831997676868923,"w":0.9998733401298523},"size":0.019530534744262697,"orthographic":false}